1,土居市太郎,2,,F,F,F
2,金易二郎,2,,F,F,F
3,花田長太郎,2,,F,F,F
4,平野信助,2,,F,F,F
5,小泉雅信,2,,F,F,F
6,木村義雄,2,木村義雄 (棋士),F,F,F
7,金子金五郎,2,,F,F,F
8,藤内金吾,2,,F,F,F
9,飯塚勘一郎,2,,F,F,F
10,渡辺東一,2,,F,F,F
11,萩原淳,2,萩原淳 (棋士),F,F,F
12,中井捨吉,2,,F,F,F
13,大野源一,2,,F,F,F
14,志沢春吉,2,,F,F,F
15,斎藤銀次郎,2,,F,F,F
16,市川一郎,2,,F,F,F
17,鈴木禎一,2,,F,F,F
18,建部和歌夫,2,,F,F,F
19,坂口允彦,2,,F,F,F
20,上田三三,2,,F,F,F
21,塚田正夫,2,,F,F,F
22,畝美与吉,2,,F,F,F
23,梶一郎,1,,F,F,F
24,角田三男,2,,F,F,F
25,加藤治郎,2,加藤治郎 (棋士),F,F,F
26,松下力,2,,F,F,F
27,奥野基芳,2,,F,F,F
28,松田辰雄,2,,F,F,F
29,小堀清一,2,,F,F,F
30,升田幸三,2,,F,F,F
31,高島一岐代,2,,F,F,F
32,野村慶虎,2,,F,F,F
33,橋爪敏太郎,2,,F,F,F
34,大和久彪,2,,F,F,F
35,荒巻三之,2,,F,F,F
36,永沢勝雄,2,,F,F,F
37,加藤恵三,2,,F,F,F
38,村上真一,2,,F,F,F
39,岡崎史明,2,,F,F,F
40,北楯修哉,2,,F,F,F
41,松田茂役,2,,F,F,F
42,大山康晴,2,,F,F,F
43,山本武雄,2,,F,F,F
44,山中和正,2,,F,F,F
45,板谷四郎,2,,F,F,F
46,間宮純一,2,,F,F,F
47,藤川義夫,2,,F,F,F
48,金高清吉,2,,F,F,F
49,本間爽悦,2,,F,F,F
50,高柳敏夫,2,,F,F,F
51,廣津久雄,2,,F,F,F
52,吉田六彦,2,,F,F,F
53,富沢幹雄,2,,F,F,F
54,京須行男,2,,F,F,F
55,原田泰夫,2,,F,F,F
56,星田啓三,2,,F,F,F
57,南口繁一,2,,F,F,F
58,北村秀治郎,2,,F,F,F
59,花村元司,2,,F,F,F
60,山川次彦,2,,F,F,F
61,佐瀬勇次,2,,F,F,F
62,加藤博二,2,,F,F,F
63,松浦卓造,2,,F,F,F
64,丸田祐三,2,,F,F,F
65,灘蓮照,1,,F,F,F
66,平野広吉,2,,F,F,F
67,五十嵐豊一,3,,F,F,F
68,佐藤豊,2,佐藤豊 (棋士),F,F,F
69,木川貴一,2,,F,F,F
70,下平幸男,2,,F,F,F
71,二見敬三,2,,F,F,F
72,西本馨,2,,F,F,F
73,熊谷達人,2,,F,F,F
74,清野静男,2,,F,F,F
75,神田鎮雄,2,,F,F,F
76,増田敏二,2,,F,F,F
77,浅沼一,2,,F,F,F
78,二上達也,2,,F,F,F
79,橋本三治,2,,F,F,F
80,山田道美,2,,F,F,F
81,津村常吉,2,,F,F,F
82,北村昌男,2,,F,F,F
83,市川伸,2,,F,F,F
84,関根茂,2,,F,F,F
85,大友昇,2,,F,F,F
86,佐藤庄平,2,,F,F,F
87,加藤一二三,2,,F,F,F
88,宮坂幸雄,2,,F,F,F
89,有吉道夫,2,,F,F,F
90,長谷部久雄,2,,F,F,F
91,芹沢博文,2,,F,F,F
92,関屋喜代作,2,,F,F,F
93,賀集正三,2,,F,F,F
94,大村和久,2,,F,F,F
95,大原英二,2,,F,F,F
96,剱持松二,2,,F,F,F
97,佐藤大五郎,2,,F,F,F
98,吉田利勝,2,,F,F,F
99,北村文男,2,,F,F,F
100,内藤國雄,2,,F,F,F
101,伊達康夫,2,,F,F,F
102,佐伯昌優,2,,F,F,F
103,木村嘉孝,2,木村嘉孝 (棋士),F,F,F
104,山口千嶺,2,,F,F,F
105,木村義徳,2,,F,F,F
106,高島弘光,2,,F,F,F
107,板谷進,2,,F,F,F
108,米長邦雄,2,,F,F,F
109,大内延介,2,,F,F,F
110,西村一義,2,,F,F,F
111,木下晃,2,,F,F,F
112,山口英夫,2,山口英夫 (棋士),F,F,F
113,桜井昇,2,,F,F,F
114,田辺一郎,2,,F,F,F
115,中原誠,2,,F,F,F
116,桐山清澄,2,,F,F,F
117,高田丈資,2,,F,F,F
118,河口俊彦,2,,F,F,F
119,勝浦修,2,,F,F,F
120,石田和雄,2,,F,F,F
121,若松政和,2,,F,F,F
122,森安秀光,2,,F,F,F
123,森雞二,1,森けい二,F,F,F
124,滝誠一郎,2,,F,F,F
125,池田修一,2,,F,F,F
126,野本虎次,2,,F,F,F
127,田中魁秀,2,,F,F,F
128,坪内利幸,2,,F,F,F
129,佐藤義則,2,佐藤義則 (棋士),F,F,F
130,安恵照剛,2,,F,F,F
131,森安正幸,2,,F,F,F
132,田丸昇,2,,F,F,F
133,宮田利男,2,,F,F,F
134,真部一男,2,,F,F,F
135,小阪昇,2,,F,F,F
136,淡路仁茂,2,,F,F,F
137,青野照市,2,,F,F,F
138,椎橋金司,2,,F,F,F
139,前田祐司,2,,F,F,F
140,飯野健二,2,,F,F,F
141,伊藤果,2,,F,F,F
142,菊地常夫,2,,F,F,F
143,桐谷広人,2,,F,F,F
144,沼春雄,1,,F,F,F
145,有野芳人,2,,F,F,F
146,小林健二,2,小林健二 (将棋棋士),F,F,F
147,土佐浩司,2,,F,F,F
148,酒井順吉,2,,F,F,F
149,森信雄,1,,F,F,F
150,田中寅彦,2,,F,F,F
151,東和男,2,,F,F,F
152,中田章道,2,,F,F,F
153,大島映二,2,,F,F,F
154,谷川浩司,2,,F,F,F
155,松浦隆一,2,,F,F,F
156,青木清,2,,F,F,F
157,小野修一,2,,F,F,F
158,福崎文吾,2,,F,F,F
159,鈴木輝彦,2,,F,F,F
160,武者野勝巳,2,,F,F,F
161,脇謙二,1,,F,F,F
162,永作芳也,2,,F,F,F
163,瀬戸博晴,2,,F,F,F
164,児玉孝一,2,,F,F,F
165,高橋道雄,2,,F,F,F
166,中村修,2,中村修 (棋士),F,F,F
167,泉正樹,1,,F,F,F
168,依田有司,2,,F,F,F
169,島朗,1,,F,F,F
170,南芳一,1,,F,F,F
171,塚田泰明,2,,F,F,F
172,神谷広志,2,,F,F,F
173,植山悦行,2,,F,F,F
174,西川慶二,2,,F,F,F
175,武市三郎,2,,F,F,F
176,室岡克彦,2,,F,F,F
177,堀口弘治,2,,F,F,F
178,大野八一雄,2,,F,F,F
179,加瀬純一,2,,F,F,F
180,井上慶太,2,,F,F,F
181,飯田弘之,2,,F,F,F
182,有森浩三,2,,F,F,F
183,神吉宏充,2,,F,F,F
184,森下卓,2,,F,F,F
185,浦野真彦,2,,F,F,F
186,小野敦生,2,,F,F,F
187,日浦市郎,2,,F,F,F
188,達正光,1,,F,F,F
189,伊藤博文,2,伊藤博文 (棋士),F,F,F
190,小林宏,2,小林宏 (棋士),F,F,F
191,富岡英作,2,,F,F,F
192,関浩,1,,F,F,F
193,本間博,2,,F,F,F
194,阿部隆,2,,F,F,F
195,所司和晴,2,,F,F,F
196,中田宏樹,2,,F,F,F
197,安西勝一,2,,F,F,F
198,羽生善治,2,,F,F,F
199,中田功,2,,F,F,F
200,石川陽生,2,,F,F,F
201,長沼洋,2,,F,F,F
202,神崎健二,2,,F,F,F
203,村山聖,2,,F,F,F
204,櫛田陽一,2,,F,F,F
205,佐藤康光,2,,F,F,F
206,森内俊之,2,,F,F,F
207,中川大輔,2,中川大輔 (棋士),F,F,F
208,先崎学,2,,F,F,F
209,野田敬三,2,,F,F,F
210,木下浩一,2,,F,F,F
211,小倉久史,2,,F,F,F
212,屋敷伸之,2,,F,F,F
213,藤原直哉,2,藤原直哉 (棋士),F,F,F
214,高田尚平,2,,F,F,F
215,畠山鎮,2,,F,F,F
216,畠山成幸,2,,F,F,F
217,丸山忠久,2,,F,F,F
218,郷田真隆,2,,F,F,F
219,佐藤秀司,2,,F,F,F
220,杉本昌隆,2,,F,F,F
221,藤井猛,2,,F,F,F
222,平藤眞吾,2,,F,F,F
223,豊川孝弘,2,,F,F,F
224,深浦康市,2,,F,F,F
225,真田圭一,2,,F,F,F
226,飯塚祐紀,2,,F,F,F
227,三浦弘行,2,,F,F,F
228,伊藤能,2,,F,F,F
229,川上猛,2,,F,F,F
230,久保利明,2,,F,F,F
231,行方尚史,2,,F,F,F
232,岡崎洋,2,岡崎洋 (棋士),F,F,F
233,窪田義行,2,,F,F,F
234,北浜健介,2,,F,F,F
235,矢倉規広,2,,F,F,F
236,鈴木大介,2,鈴木大介 (棋士),F,F,F
237,北島忠雄,2,,F,F,F
238,勝又清和,2,,F,F,F
239,松本佳介,2,,F,F,F
240,田村康介,2,,F,F,F
241,堀口一史座,2,,F,F,F
242,中座真,2,,F,F,F
243,近藤正和,2,,F,F,F
244,野月浩貴,2,,F,F,F
245,木村一基,2,,F,F,F
246,小林裕士,2,,F,F,F
247,佐藤紳哉,2,,F,F,F
248,増田裕司,2,,F,F,F
249,髙野秀行,2,高野秀行 (棋士),F,F,F
250,山崎隆之,2,,F,F,F
251,伊奈祐介,2,,F,F,F
252,山本真也,2,,F,F,F
253,中尾敏之,2,,F,F,F
254,松尾歩,2,,F,F,F
255,金沢孝史,2,,F,F,F
256,阿久津主税,2,,F,F,F
257,安用寺孝功,2,,F,F,F
258,渡辺明,2,渡辺明 (棋士),F,F,F
259,飯島栄治,2,,F,F,F
260,千葉幸生,2,,F,F,F
261,上野裕和,2,,F,F,F
262,橋本崇載,2,,F,F,F
263,佐々木慎,3,,F,F,F
264,宮田敦史,2,,F,F,F
265,村田智弘,2,,F,F,F
266,大平武洋,2,,F,F,F
267,熊坂学,2,,F,F,F
268,藤倉勇樹,2,,F,F,F
269,横山泰明,2,,F,F,F
270,島本亮,2,,F,F,F
271,西尾明,2,,F,F,F
272,村山慈明,2,,F,F,F
273,佐藤和俊,2,,F,F,F
274,片上大輔,2,,F,F,F
275,中村亮介,2,,F,F,F
276,村中秀史,2,,F,F,F
277,阪口悟,2,,F,F,F
278,広瀬章人,2,,F,F,F
279,長岡裕也,2,,F,F,F
280,髙﨑一生,2,,F,F,F
281,遠山雄亮,2,,F,F,F
282,瀬川晶司,2,,F,F,F
283,糸谷哲郎,2,,F,F,F
284,中村太地,2,中村太地 (棋士),F,F,F
285,戸辺誠,2,,F,F,F
286,佐藤天彦,2,,F,F,F
287,豊島将之,2,,F,F,F
288,金井恒太,2,,F,F,F
289,伊藤真吾,2,,F,F,F
290,村田顕弘,2,,F,F,F
291,及川拓馬,2,,F,F,F
292,稲葉陽,2,,F,F,F
293,田中悠一,2,,F,F,F
294,佐藤慎一,2,佐藤慎一 (棋士),F,F,F
295,西川和宏,2,,F,F,F
296,渡辺正和,2,渡辺正和_(棋士),F,F,F
297,澤田真吾,2,,F,F,F
298,大石直嗣,2,,F,F,F
299,永瀬拓矢,2,,F,F,F
300,阿部健治郎,2,,F,F,F
301,菅井竜也,2,,F,F,F
302,牧野光則,2,,F,F,F
303,佐々木勇気,3,,F,F,F
304,船江恒平,2,,F,F,F
305,門倉啓太,2,,F,F,F
306,阿部光瑠,2,,F,F,F
307,髙見泰地,2,,F,F,F
308,藤森哲也,2,,F,F,F
309,斎藤慎太郎,2,,F,F,F
310,八代弥,2,,F,F,F
311,上村亘,2,,F,F,F
312,石田直裕,2,,F,F,F
313,渡辺大夢,2,,F,F,F
314,千田翔太,2,,F,F,F
315,竹内雄悟,2,,F,F,F
316,石井健太郎,2,石井健太郎 (棋士),F,F,F
317,三枚堂達也,3,,F,F,F
318,星野良生,2,,F,F,F
319,宮本広志,2,,F,F,F
320,増田康宏,2,,F,F,F
321,黒沢怜生,2,,F,F,F
322,相馬清司,2,,F,F,T
323,土井春左右,2,,F,F,T
324,山本統一,2,,F,F,T
325,寺田昭夫,2,,F,F,T
326,関口勝雄,2,,F,F,T
327,松田幹雄,2,,F,F,T
328,平川修,2,,F,F,T
329,鈴木英春,2,,F,F,T
330,板橋等,2,,F,F,T
331,斎藤誠,2,,F,F,T
332,潮隆次,2,,F,F,T
333,三谷正範,2,,F,F,T
334,細原一夫,2,,F,F,T
335,村松康雄,2,,F,F,T
336,山崎茂樹,2,,F,F,T
337,中山則男,2,,F,F,T
338,田畑良太,2,,F,F,T
339,小泉有明,2,,F,F,T
340,三村亨,2,,F,F,T
341,庄司俊之,2,,F,F,T
342,小池裕喜,2,,F,F,T
343,村田登亀雄,2,,F,F,T
344,鈴木純一,2,,F,F,T
345,秋山太郎,2,,F,F,T
346,野間俊克,2,,F,F,T
347,愛達治,2,,F,F,T
348,小牧毅,2,,F,F,T
349,斎田純一,2,,F,F,T
350,石堀浩二,2,,F,F,T
351,石飛英二,2,,F,F,T
352,渡辺恭位,2,,F,F,T
353,中川俊一,2,,F,F,T
354,長田博道,2,,F,F,T
355,樋口達也,2,,F,F,T
356,今泉健司,2,,F,F,F
357,三須智弘,2,,F,F,T
358,藤内忍,2,,F,F,T
359,佐藤佳一郎,2,,F,F,T
360,下野貴志,2,,F,F,T
361,松本秀介,2,,F,F,T
362,水津隆義,2,,F,F,T
363,津山慎悟,2,,F,F,T
364,城間春樹,2,,F,F,T
365,加來博洋,2,,F,F,T
366,高野悟志,2,,F,F,T
367,平田竜樹,2,,F,F,T
368,本田啓二,2,,F,F,T
369,菊地裕太,2,,F,F,T
370,野島崇宏,2,,F,F,T
371,関口武史,2,,F,F,T
372,中村裕介,2,,F,F,T
373,天野貴元,2,,F,F,T
374,和田澄人,2,,F,F,T
375,荒木宣貴,2,,F,F,T
376,石井直樹,2,,F,F,T
377,一瀬浩司,2,,F,F,T
378,殿岡裕里,2,,F,F,T
379,岡畑明範,2,,F,F,T
380,佐藤秀和,2,,F,F,T
381,鵜木学,2,,F,F,T
382,森村賢平,2,,F,F,T
383,渡辺愛生,2,,F,F,T
384,竹内貴浩,2,,F,F,T
385,小泉祐,2,,F,F,T
386,都成竜馬,2,,F,F,F
387,杉本和陽,2,,F,F,F
388,西田拓也,2,,F,F,F
389,井出隼平,2,,F,F,F
390,伊藤和夫,2,,F,F,T
391,慶田義法,2,,F,F,T
392,森下裕也,2,,F,F,T
393,池永天志,2,,F,F,F
394,鈴木肇,2,,F,F,T
395,大橋貴洸,2,,F,F,F
396,福間健太,2,,F,F,T
397,谷合廣紀,2,,F,T,F
398,坂井信哉,2,,F,T,F
399,藤原結樹,2,,F,F,T
400,梶浦宏孝,2,,F,F,F
401,青嶋未来,2,,F,F,F
402,石川泰,2,,F,F,T
403,川崎直人,2,,F,F,T
404,出口若武,2,,F,F,F
405,知花賢,2,,F,F,T
406,冨田誠也,2,,F,T,F
407,里見香奈,2,,T,F,F
408,甲斐日向,2,,F,F,T
409,佐々木大地,3,佐々木大地 (棋士),F,F,F
410,髙野智史,2,,F,F,F
411,清水市代,2,,T,F,F
412,中井広恵,2,,T,F,F
413,甲斐智美,2,,T,F,F
414,石橋幸緒,2,,T,F,F
415,千葉涼子,2,,T,F,F
416,長沢千和子,2,,T,F,F
417,岩根忍,2,,T,F,F
418,中村真梨花,2,,T,F,F
419,長谷川優貴,3,,T,F,F
420,鈴木環那,2,,T,F,F
421,山口恵梨子,2,,T,F,F
422,谷口由紀,2,,T,F,F
423,香川愛生,2,,T,F,F
424,上田初美,2,,T,F,F
425,早水千紗,2,,T,F,F
426,本田小百合,2,,T,F,F
427,斎田晴子,2,,T,F,F
428,山下カズ子,2,,T,F,F
429,蛸島彰子,2,,T,F,F
430,矢内理絵子,2,,T,F,F
431,林葉直子,2,,T,F,F
432,植野博,2,,F,F,T
433,伊ヶ崎博,2,,F,F,T
434,伊藤享史,2,,F,F,T
435,伊藤大悟,2,,F,F,T
436,井上輝彦,2,,F,F,T
437,井上徹也,2,,F,F,T
438,稲葉聡,2,,F,F,T
439,永森広幸,2,,F,F,T
440,遠藤正樹,2,,F,F,T
441,横山公望,2,,F,F,T
442,横山大樹,2,,F,F,T
443,沖幹生,1,,F,F,T
444,沖元二,1,,F,F,T
445,下平雅之,2,,F,F,T
446,加賀屋浩美,2,,F,F,T
447,加藤幸男,2,,F,F,T
448,嘉野満,2,,F,F,T
449,開原孝治,2,,F,F,T
450,丸岡辰美,2,,F,F,T
451,菊田公毅,2,,F,F,T
452,菊田裕司,2,,F,F,T
453,吉岡大和,2,,F,F,T
454,吉田陵平,2,,F,F,T
455,吉澤大樹,2,,F,F,T
456,宮崎博文,2,,F,F,T
457,宮地隼人,2,,F,F,T
458,宮本浩二,2,,F,F,T
459,桐山隆,2,,F,F,T
460,芹田修,2,,F,F,T
461,近村一輝,2,,F,F,T
462,近藤伸哉,2,,F,F,T
463,金子タカシ,2,,F,F,T
464,金堂晃久,2,,F,F,T
465,金内辰明,2,,F,F,T
466,栗生直樹,2,,F,F,T
467,古屋皓介,2,,F,F,T
468,古賀一郎,2,,F,F,T
469,工藤俊介,2,,F,F,T
470,恒松鷹史,2,,F,F,T
471,高橋英晃,2,,F,F,T
472,佐伯紘一,2,,F,F,T
473,才田信之,2,,F,F,T
474,細川大市郎,2,,F,F,T
475,山口直哉,2,,F,F,T
476,山崎由太郎,2,,F,F,T
477,山中恵介,2,,F,F,T
478,山中裕樹,2,,F,F,T
479,山田政司,2,,F,F,T
480,山田達昭,2,,F,F,T
481,山田敦幹,2,,F,F,T
482,山田雄介,2,,F,F,T
483,山田洋次,2,,F,F,T
484,山本薫,2,,F,F,T
485,山本伸一郎,2,,F,F,T
486,七条慎太郎,2,,F,F,T
487,篠田正人,2,,F,F,T
488,小関健太,2,,F,F,T
489,小山怜央,2,,F,F,T
490,小泉卓也,2,,F,F,T
491,小島一宏,2,,F,F,T
492,小林憲治,2,,F,F,T
493,小林悟,2,,F,F,T
494,小林庸俊,2,,F,F,T
495,松尾哲也,2,,F,F,T
496,松本誠,2,,F,F,T
497,新井田基信,3,,F,F,T
498,森岡正幸,2,,F,F,T
499,深井一伸,2,,F,F,T
500,水谷創,2,,F,F,T
501,清水上徹,2,,F,F,T
502,西山実,2,,F,F,T
503,西本慶輔,2,,F,F,T
504,西本太郎,2,,F,F,T
505,青柳敏郎,2,,F,F,T
506,石井豊,2,,F,F,T
507,千葉成人,2,,F,F,T
508,川上岳男,2,,F,F,T
509,川西勇作,2,,F,F,T
510,浅倉孝幸,2,,F,F,T
511,浅田拓史,2,,F,F,T
512,倉川尚,2,,F,F,T
513,早咲誠和,2,,F,F,T
514,早川晃司,2,,F,F,T
515,早川俊,2,,F,F,T
516,相良剛史,2,,F,F,T
517,谷崎生磨,2,,F,F,T
518,谷川俊昭,2,,F,F,T
519,竹中健一,2,,F,F,T
520,竹内俊弘,2,,F,F,T
521,中川慧梧,2,,F,F,T
522,中村清志,2,,F,F,T
523,中村知義,2,,F,F,T
524,中拓海,2,,F,F,T
525,中島灯希,2,,F,F,T
526,中藤誠,2,,F,F,T
527,中野博文,2,,F,F,T
528,中野勇太,2,,F,F,T
529,長岡俊勝,2,,F,F,T
530,長沢忠宏,2,,F,F,T
531,天野啓吾,2,,F,F,T
532,天野高志,2,,F,F,T
533,田尻隆司,2,,F,F,T
534,渡辺健弥,2,,F,F,T
535,渡辺俊雄,2,,F,F,T
536,渡辺誠,2,,F,F,T
537,土持総平,2,,F,F,T
538,島村健一,2,,F,F,T
539,島達郎,2,,F,F,T
540,東野徹男,2,,F,F,T
541,湯上真司,2,,F,F,T
542,藤井佳久,2,,F,F,T
543,藤井真司,2,,F,F,T
544,藤本裕行,2,,F,F,T
545,入江明,2,,F,F,T
546,白井厚男,2,,F,F,T
547,樋田栄正,2,,F,F,T
548,蛭川敦,2,,F,F,T
549,浜真之,2,,F,F,T
550,武田浩司,2,,F,F,T
551,武田俊平,2,,F,F,T
552,武内譲司,2,,F,F,T
553,北村公一,2,,F,F,T
554,牧野正紀,2,,F,F,T
555,木村秀利,2,,F,F,T
556,野山知敬,2,,F,F,T
557,矢橋修,2,,F,F,T
558,柳浦正明,2,,F,F,T
559,林泰佑,2,,F,F,T
560,林隆弘,2,,F,F,T
561,鈴木貴幸,2,,F,F,T
562,鈴木勝裕,2,,F,F,T
563,鈴木睦,2,,F,F,T
564,鰐渕啓史,2,,F,F,T
565,石川優太,2,,F,F,F
566,笠井将生,2,,F,F,T
567,荒木隆,2,,F,F,T
568,山田久美,2,,T,F,F
569,渡部愛,2,,T,F,F
570,黒田尭之,2,,F,F,F
571,桝田悠介,2,,F,T,F
572,渡辺和史,2,,F,F,F
573,近藤誠也,2,,F,F,F
574,三田敏弘,2,,F,T,F
575,関矢寛之,2,,F,T,F
576,野崎雅敬,2,,F,F,T
577,村上由樹,2,,F,F,T
578,坪井祐二,2,,F,F,T
579,太田啓介,2,,F,F,T
580,長谷川大地,2,,F,F,T
581,小林知直,2,,F,F,T
582,桑江裕丈,2,,F,F,T
583,荒田敏史,2,,F,T,F
584,本田奎,2,,F,F,F
585,加藤桃子,2,,T,F,F
586,伊藤沙恵,2,,T,F,F
587,吉本悠太,2,,F,F,T
588,桶屋郁夫,2,,F,F,T
589,伊奈川愛菓,2,,T,F,F
590,長森優作,2,,F,F,T
591,多々納守,2,,F,F,T
592,望月陵,2,,F,F,T
593,西澤佑亮,2,,F,F,T
594,藤井聡太,2,,F,F,F
595,小木ポール,2,,F,F,T
596,普久原安,2,,F,F,T
597,山本博志,2,,F,F,F
598,西山朋佳,2,,T,T,F
599,黒川智記,2,,F,F,T
600,長谷部浩平,2,,F,F,F
601,藤岡隼太,2,,F,F,T
602,田中博己,2,,F,F,T
603,古森悠太,2,,F,F,F
604,斎藤明日斗,2,,F,F,F
605,三浦孝介,2,,F,T,F
606,三宅潤,2,,F,F,T
607,板谷孝寛,2,,F,F,T
608,古田龍生,2,,F,T,F
609,柵木幹太,2,,F,T,F
610,藤田彰一,2,,F,F,T
611,野島進太郎,2,,F,F,T
612,古作登,2,,F,F,T
613,久保田貴洋,3,,F,F,T
614,岡部怜央,2,,F,T,F
615,山川泰熙,2,,F,T,F
616,服部慎一郎,2,,F,T,F
617,井田明宏,2,,F,T,F
618,貫島永州,2,,F,T,F
619,中口貴裕,2,,F,F,T
620,折田翔吾,2,,F,F,T
621,竹下貴重,2,,F,F,T
622,金子俊,2,,F,F,T
623,羽仁豊,2,,F,F,T
624,庄司弘光,2,,F,F,T
625,奥村雄太,2,,F,F,T
626,菅野倫太郎,2,,F,F,T
627,伊藤匠,2,,F,T,F
628,徳田拳士,2,,F,T,F
629,木村孝太郎,2,,F,F,T
630,齊藤優希,2,,F,T,F
631,横山友紀,2,,F,T,F
632,橋嵜卓万,2,,F,F,T
633,宮田大暉,2,,F,T,F
634,星田雅弘,2,,F,F,T
635,山田祥五,2,,F,F,T
636,上野裕寿,2,,F,T,F
637,岡井良樹,2,,F,T,F
638,小山直希,2,,F,T,F
701,関根紀代子,2,,T,F,F
702,多田佳子,2,,T,F,F
703,寺下紀子,2,,T,F,F
704,村山幸子,2,,T,F,F
705,杉崎里子,2,,T,F,F
706,福崎睦美,2,,T,F,F
707,佐藤寿子,2,,T,F,F
708,谷川治恵,2,,T,F,F
709,森安多恵子,2,,T,F,F
710,宇治正子,2,,T,F,F
711,藤森奈津子,2,,T,F,F
712,神田真由美,2,,T,F,F
713,高群佐知子,2,,T,F,F
714,石高澄恵,2,,T,F,F
715,鹿野圭生,2,,T,F,F
716,植村真理,2,,T,F,F
717,船戸陽子,2,,T,F,F
718,大庭美樹,2,,T,F,F
719,真田彩子,2,,T,F,F
720,高橋和,2,,T,F,F
721,林まゆみ,2,,T,F,F
722,久津知子,2,,T,F,F
723,中倉彰子,2,,T,F,F
724,伊藤明日香,2,,T,F,F
725,竹部さゆり,2,,T,F,F
726,中倉宏美,2,,T,F,F
727,島井咲緒里,2,,T,F,F
728,藤田麻衣子,2,藤田麻衣子 (女流棋士),T,F,F
729,安食総子,2,,T,F,F
730,大庭美夏,2,,T,F,F
731,藤田綾,2,,T,F,F
732,上川香織,2,,T,F,F
733,野田澤彩乃,2,,T,F,F
734,山田朱未,2,,T,F,F
735,北尾まどか,2,,T,F,F
736,坂東香菜子,2,,T,F,F
737,村田智穂,2,,T,F,F
738,貞升南,2,,T,F,F
739,井道千尋,2,,T,F,F
740,室田伊緒,2,,T,F,F
741,宮宗紫野,2,,T,F,F
742,中村桃子,2,中村桃子 (将棋),T,F,F
743,渡辺弥生,2,,T,F,F
744,竹俣紅,2,,T,F,F
745,北村桂香,2,,T,F,F
746,相川春香,2,,T,F,F
747,飯野愛,2,,T,F,F
748,山根ことみ,2,,T,F,F
749,和田あき,2,,T,F,F
750,塚田恵梨花,2,,T,F,F
751,中澤沙耶,2,,T,F,F
752,高浜愛子,2,,T,F,F
753,山口絵美菜,2,,T,F,F
754,カロリーナ・ステチェンスカ,5,,T,F,F
755,里見咲紀,2,,T,F,F
756,武富礼衣,2,,T,F,F
757,堀彩乃,2,,T,F,F
758,石本さくら,2,,T,F,F
759,頼本奈菜,2,,T,F,F
760,藤井奈々,2,藤井奈々 (女流棋士),T,F,F
761,小髙佐季子,2,,T,F,F
762,加藤結李愛,2,,T,F,F
763,水町みゆ,2,,T,F,F
764,加藤圭,2,,T,F,F
765,田中沙紀,2,,T,F,F
766,脇田菜々子,2,,T,F,F
767,礒谷真帆,2,,T,F,F
801,佐藤健伍,2,,F,F,T
802,大友寛二,2,,F,F,T
803,森脇太郎,2,,F,F,T
804,沢口博勝,2,,F,F,T
805,大麻重明,2,,F,F,T
806,藤代三郎,2,,F,F,T
807,小沢義史,2,,F,F,T
808,工藤浩平,2,,F,F,T
809,蔵野康夫,2,,F,F,T
810,田川信之,2,,F,F,T
811,中尾修,2,,F,F,T
812,藤井一機,2,,F,F,T
813,永井嘉,2,,F,F,T
814,清水孝晏,2,,F,F,T
815,小暮恒男,2,,F,F,T
816,畠山大樹,2,,F,F,T
901,津田昌宏,2,,F,F,T
902,上総雄二郎,2,,F,F,T
903,藤本正文,2,,F,F,T
904,平畑善介,2,,F,F,T
905,坪井作道,2,,F,F,T
906,若林久雄,2,,F,F,T
907,舟山正夫,2,,F,F,T
908,渥美正之,2,,F,F,T
909,石坂慎作,2,,F,F,T
910,今井忠一,2,,F,F,T
911,浜野昭次智,2,,F,F,T
912,青島仁郎,2,,F,F,T
913,池田大助,2,,F,F,T
914,村井義夫,2,,F,F,T
915,正岡寿美男,2,,F,F,T
916,加賀敬治,2,,F,F,T
917,南川義一,2,,F,F,T
918,平教雄,2,,F,F,T
919,森田甫,2,,F,F,T
920,川崎長一,2,,F,F,T
921,赤坂陽平,2,,F,F,T
922,清田亮司,2,,F,F,T
923,寺尾直樹,2,,F,F,T
924,藤原雄三,2,,F,F,T
925,大野清司,2,,F,F,T
926,丸山寛,2,,F,F,T
927,浅子雄,2,,F,F,T
928,遠藤彌太郎,2,,F,F,T
929,杉浦徳三郎,2,,F,F,T
930,村山大地,2,,F,F,T
931,天野倉優臣,2,,F,F,T
932,本間青磁,2,,F,F,T
1008,関根金次郎,2,,F,F,F
1014,山本樟郎,2,,F,F,F
1016,神田辰之助,2,,F,F,F
1101,ヴィクトリア・リャスニャンスカ,6,,T,F,T
1102,さかもと未明,4,,T,F,T
1103,タチアナ・ミリュコワ,4,,T,F,T
1104,芦垣薫,2,,T,F,T
1105,芦江七菜子,2,,T,F,T
1106,伊奈桃香,2,,T,F,T
1107,磯谷祐維,2,,T,F,T
1108,永井さくら,2,,T,F,T
1109,永田香子,2,,T,F,T
1110,永田沙苗,2,,T,F,T
1111,遠山侑里,2,,T,F,T
1112,黄晟佳,1,,T,F,T
1113,加藤まどか,2,,T,F,T
1114,加藤寿美香,2,,T,F,T
1115,笠井友貴,2,,T,F,T
1116,鎌村ちひろ,2,,T,F,T
1117,茅原有希,2,,T,F,T
1118,岩﨑奏子,2,,T,F,T
1119,亀岡奈保美,2,,T,F,T
1120,吉田優美,2,,T,F,T
1121,宮澤紗希,2,,T,F,T
1123,橋本智佳子,2,,T,F,T
1124,橋本夢実,2,,T,F,T
1125,九反萌子,2,,T,F,T
1126,原田花暢,2,,T,F,T
1127,原田知実,2,,T,F,T
1128,甲木あつ子,2,,T,F,T
1129,講神元美,2,,T,F,T
1130,高橋依里,2,,T,F,T
1131,高崎真子,2,,T,F,T
1132,高柳理沙,2,,T,F,T
1133,今井絢,2,,T,F,T
1134,今花暢,2,,T,F,T
1135,佐々木香歩,3,,T,F,T
1136,佐藤裕美,2,,T,F,T
1137,佐藤陽香,2,,T,F,T
1138,佐藤陽子,2,,T,F,T
1139,佐藤里央子,2,,T,F,T
1140,坂井仁美,2,,T,F,T
1141,阪本葉,2,,T,F,T
1142,山下実咲,2,,T,F,T
1143,山口真子,2,,T,F,T
1144,山崎絵美,2,,T,F,T
1145,山田桃,2,,T,F,T
1146,山田樋春,2,,T,F,T
1147,山田美晴,2,,T,F,T
1148,山田朋佳,2,,T,F,T
1149,山本比鶴,2,,T,F,T
1150,室谷早紀,2,,T,F,T
1151,狩野杏実,2,,T,F,T
1152,酒井彩花,2,,T,F,T
1153,秋篠貴子,2,,T,F,T
1154,小山田友希,2,,T,F,T
1155,小川詩織,2,,T,F,T
1156,小田切葉月,2,,T,F,T
1157,小野ゆかり,2,,T,F,T
1158,小野花依,2,,T,F,T
1159,小林愛実,2,,T,F,T
1160,小林真優,2,,T,F,T
1161,小林真理,2,,T,F,T
1162,小澤あざ美,2,,T,F,T
1163,小澤望,2,,T,F,T
1164,松下淑子,2,,T,F,T
1165,松下舞琳,2,,T,F,T
1166,松田直子,2,,T,F,T
1167,上田可奈子,2,,T,F,T
1168,新藤春実,2,,T,F,T
1169,新藤仁奈,2,,T,F,T
1170,森数あおい,2,,T,F,T
1171,森美怜,2,,T,F,T
1173,諏訪景子,2,,T,F,T
1174,須山菜々,2,,T,F,T
1175,水上舞,2,,T,F,T
1176,瀬戸川智香,2,,T,F,T
1177,是安真理子,2,,T,F,T
1178,成田弥穂,2,,T,F,T
1179,石井萌夢,2,,T,F,T
1180,石井頌子,2,,T,F,T
1181,石黒ちか子,2,,T,F,T
1182,石内奈々絵,2,,T,F,T
1183,川西彩遥,2,,T,F,T
1184,川端隆子,2,,T,F,T
1185,浅田奈都美,2,,T,F,T
1186,浅野法子,2,,T,F,T
1187,前島直美,2,,T,F,T
1188,倉林薫子,2,,T,F,T
1189,相馬美咲,2,,T,F,T
1190,増田有里子,2,,T,F,T
1191,多々納光,2,,T,F,T
1192,多田羅三枝子,3,,T,F,T
1193,多部美佐恵,2,,T,F,T
1194,大久保歩,2,,T,F,T
1195,大橋玲子,2,,T,F,T
1196,大城千花,2,,T,F,T
1197,滝祐子,2,,T,F,T
1198,棚田真由美,2,,T,F,T
1199,竹中歩美,2,,T,F,T
1200,竹内幸代,2,,T,F,T
1201,中垣望,2,,T,F,T
1202,中七海,1,,T,F,T
1203,中谷純子,2,,T,F,T
1204,中島真理,2,,T,F,T
1205,張天天,2,,T,F,T
1206,長谷久子,2,,T,F,T
1207,堤和音,2,,T,F,T
1208,田村真理子,2,,T,F,T
1209,渡邊早紀,2,,T,F,T
1210,土居佳南子,2,,T,F,T
1211,土居和歌南,2,,T,F,T
1212,東芙希,2,,T,F,T
1213,藤井敬子,2,,T,F,T
1214,藤谷薫子,2,,T,F,T
1215,内免梓,2,,T,F,T
1216,波河久美子,2,,T,F,T
1217,馬場さやか,2,,T,F,T
1218,畑中さゆり,2,,T,F,T
1219,八木直子,2,,T,F,T
1220,飯田梨絵,2,,T,F,T
1221,俵玲来,2,,T,F,T
1222,不破早央里,2,,T,F,T
1223,福田蒼衣,2,,T,F,T
1224,平井奈穂子,2,,T,F,T
1225,平家慈美,2,,T,F,T
1226,平野真子,2,,T,F,T
1227,平野智子,2,,T,F,T
1228,平澤理沙,2,,T,F,T
1229,豊田奈都美,2,,T,F,T
1230,麻生佳奈,2,,T,F,T
1231,木村真理子,2,,T,F,T
1232,目黒彩夏,2,,T,F,T
1233,野原未蘭,2,,T,F,T
1234,鈴木節子,2,,T,F,T
1235,鈴木悠子,2,,T,F,T
1236,鈴木里沙,2,,T,F,T
1237,和田はな,2,,T,F,T
1238,齋藤理子,2,,T,F,T
1239,トゥルムンフ・ムンフゾル,6,,T,F,T
1240,古賀悠聖,2,,F,T,F
1241,埼原知宙,2,,T,F,T
1242,内山あや,2,,T,F,T
1243,井澤早紀,2,,T,F,T
1244,伊原綾菜,2,,T,F,T
1245,岩佐美帆子,2,,T,F,T
1246,及川茉莉奈,2,,T,F,T
1247,大田暖乃,2,,T,F,T
1248,鎌田美礼,2,,T,F,T
1249,川上茉奈未,2,,T,F,T
1250,熊谷奏,2,,T,F,T
1251,佐藤希,2,,T,F,T
1252,砂原奏,2,,T,F,T
1253,鈴木絵里菜,2,,T,F,T
1254,泉對貴子,2,,T,F,T
1255,髙見澤由美,2,,T,F,T
1256,田口琴音,2,,T,F,T
1257,中澤秀佳,2,,T,F,T
1258,中西琴乃,2,,T,F,T
1259,福田成美,2,,T,F,T
1260,松本貴子,2,,T,F,T
1261,三成律子,2,,T,F,T
1262,三宅萌子,2,,T,F,T
1263,向井亜美,2,,T,F,T
1264,室井何予子,2,,T,F,T
1265,山口稀良莉,2,,T,F,T
1266,山口仁子梨,2,,T,F,F
1267,吉川惠,2,,T,F,T
1268,綿貫彩夏,2,,T,F,T
1269,菊地菜津子,2,,T,F,T
1270,久保諒子,2,,T,F,T
1271,久保翔子,2,,T,F,T
1272,高山日那,2,,T,F,T
1273,篠原もも,2,,T,F,T
1274,泉山神楽,2,,T,F,T
1275,竹内優月,2,,T,F,T
1276,中川真穂,2,,T,F,T
1277,梅津美琴,2,,T,F,T
1278,木村野乃花,2,,T,F,T
2001,杉山喜郎,2,,F,F,T
2002,湯川克己,2,,F,F,T
